adm_level,adm_id,pcode,observation_count,mean_rainfall_mm,min_rainfall_mm,max_rainfall_mm,rainfall_std_mm,mean_long_term_average_mm,extreme_95_count,extreme_99_count,coefficient_of_variation,extreme_95_percent,extreme_99_percent
1,900113,RW3,1626,36.86104432693727,1.1225806,171.87743,23.03614553892539,36.28616619710947,78,12,0.624945547787724,4.797047970479705,0.7380073800738007
1,900114,RW2,1626,33.910298674194344,0.50753766,194.00502,24.572227439666314,33.16736194526445,88,21,0.724624329492141,5.412054120541206,1.2915129151291513
1,900112,RW4,1626,33.05401610725707,0.2735849,179.80188,23.910986818040687,32.615946378536286,78,12,0.7233912738606969,4.797047970479705,0.7380073800738007
1,900110,RW1,1626,28.230921435762607,0.5652174,128.43478,22.950517230453098,27.93859375676507,56,20,0.812956717784622,3.4440344403444034,1.2300123001230012
1,900111,RW5,1626,26.739193075178353,0.41639343,136.3705,21.37269795458675,26.594534323185734,46,4,0.7993022786625057,2.8290282902829027,0.24600246002460024
2,1011471,RW36,1626,41.0543711499385,1.1851852,155.77777,26.859451669190484,40.21840155442804,174,23,0.6542409715909319,10.70110701107011,1.4145141451414514
2,1011464,RW37,1626,40.307602241082414,1.4193548,177.93549,25.77297185202049,39.496195809348094,136,22,0.6394072189625831,8.364083640836409,1.3530135301353015
2,1011467,RW23,1626,39.88063289102706,0.75757575,214.30302,28.920676183461996,39.016737886223865,176,44,0.7251809734937531,10.824108241082412,2.706027060270603
2,1011458,RW43,1626,38.31871784126691,0.8235294,225.23529,25.644596378812057,38.03168616789668,131,20,0.6692446361343124,8.056580565805659,1.2300123001230012
2,1011463,RW25,1626,38.173165741389916,0.6756757,217.97298,26.787761856036436,37.518718137761375,132,30,0.7017432622045109,8.118081180811808,1.8450184501845017
2,1011443,RW36,1626,37.613161131611314,1.0,173.5,23.83618036452839,36.73149844188192,97,15,0.6337191463680434,5.9655596555965555,0.9225092250922509
2,1011461,RW34,1626,36.5881077152952,0.84210527,215.21053,24.545423668596705,36.19456530596556,106,16,0.6708579700156452,6.519065190651907,0.984009840098401
2,1011460,RW35,1626,34.16875768757688,0.55,174.7,23.880517683997347,33.629160607318575,92,12,0.698899207935788,5.658056580565805,0.7380073800738007
2,1011453,RW31,1626,34.119476759409594,1.0769231,177.26923,22.599436357536902,33.646540828413286,70,8,0.6623617506474319,4.305043050430505,0.4920049200492005
2,1011472,RW32,1626,34.025344725399755,1.0,158.89473,22.084869627405872,33.66165159409594,71,9,0.649071149921947,4.366543665436654,0.5535055350553505
2,1011451,RW24,1626,33.54261629097786,0.4117647,218.17647,25.722147436181835,32.66493743634687,96,30,0.7668497654758213,5.904059040590406,1.8450184501845017
2,1011468,RW33,1626,33.46315547835178,1.1818181,163.36363,20.680470364193784,33.26839977552276,51,5,0.6180071803919549,3.136531365313653,0.3075030750307503
2,1011450,RW22,1626,33.19075438086101,0.25,228.16667,26.177369180010572,32.3230917204797,109,28,0.7886946129523766,6.703567035670356,1.7220172201722017
2,1011445,RW44,1626,33.03659286592866,0.2,196.25,23.597124762589544,32.64214953382534,79,10,0.7142723481913826,4.858548585485855,0.6150061500615006
2,1011446,RW42,1626,32.83727494781058,0.13636364,189.22728,24.143632071826044,32.07393134286593,79,16,0.7352507816254046,4.858548585485855,0.984009840098401
2,1011457,RW27,1626,31.727664101531364,0.18181819,145.90909,23.55654540384607,31.02655064298893,78,13,0.7424607537593381,4.797047970479705,0.7995079950799507
2,1011470,RW41,1626,31.666174661746616,0.3,152.25,24.938433046899824,31.14414910516605,81,28,0.7875417006723568,4.981549815498155,1.7220172201722017
2,1011449,RW45,1626,30.956744583994467,0.074074075,168.55556,24.427357094698557,30.71848972170972,84,16,0.7890802932595247,5.166051660516605,0.984009840098401
2,1011465,RW21,1626,30.67547245588192,0.045454547,213.63637,24.196831905508674,29.850463961562117,75,22,0.7888006269604826,4.612546125461255,1.3530135301353015
2,1011469,RW26,1626,29.490691043191884,0.5,175.0,22.699806343892448,28.864773182349325,61,10,0.7697278544828418,3.7515375153751536,0.6150061500615006
2,1011466,RW11,1626,29.0279827798278,1.0,139.5,23.49173965177506,28.55141444803198,67,20,0.8092790956214843,4.120541205412054,1.2300123001230012
2,1011452,RW28,1626,28.69157444606396,0.5,132.63637,22.642388841900267,28.144664284440342,58,10,0.7891650869304753,3.5670356703567037,0.6150061500615006
2,1011447,RW12,1626,28.439641559409594,0.35714287,137.28572,23.37860510470827,28.187125831488316,62,20,0.8220428888272391,3.8130381303813037,1.2300123001230012
2,1011459,RW56,1626,28.078487472767527,0.3448276,141.3793,23.76697161750383,27.993761832103324,67,15,0.8464477169774439,4.120541205412054,0.9225092250922509
2,1011448,RW53,1626,27.962508726512915,0.5686275,154.15686,22.30703739235618,27.777437854551042,55,6,0.7977480708376338,3.3825338253382533,0.36900369003690037
2,1011455,RW13,1626,27.58574943086101,0.85714287,126.14286,22.387962316201733,27.26643851199262,52,17,0.8115770924517876,3.198031980319803,1.045510455104551
2,1011473,RW51,1626,26.875153750461255,0.36363637,150.0,23.058954904630042,26.76822373093481,54,17,0.858002715769925,3.3210332103321036,1.045510455104551
2,1011456,RW55,1626,26.845131780298278,0.078947365,146.0,23.583743247470903,26.671372576875772,68,14,0.8785109881553675,4.182041820418204,0.8610086100861009
2,1011454,RW54,1626,26.510256745541202,0.12903225,151.96774,22.52741927830007,26.327913591451413,56,10,0.8497623955335321,3.4440344403444034,0.6150061500615006
2,1011444,RW57,1626,26.10188106774293,0.12195122,129.12195,21.25063699344088,25.917041595756455,42,8,0.8141419746066776,2.5830258302583027,0.4920049200492005
2,1011462,RW52,1626,25.643683297552275,0.37096775,119.145164,19.711737600509085,25.57293725492005,24,3,0.7686780940080709,1.4760147601476015,0.18450184501845018
