date,year,month,month_name,adm_level,adm_id,pcode,rfh,percentile_95_threshold_mm,percentile_99_threshold_mm,is_extreme_95,is_extreme_99,above_100mm,above_150mm,above_200mm,severity_class
1986-04-21,1986,4,April,2,1011450,RW22,228.16667,76.5,102.69514900000001,True,True,True,True,True,Exceptional
2023-05-01,2023,5,May,2,1011458,RW43,225.23529,76.5,102.69514900000001,True,True,True,True,True,Exceptional
1986-04-21,1986,4,April,2,1011451,RW24,218.17647,76.5,102.69514900000001,True,True,True,True,True,Exceptional
1986-04-21,1986,4,April,2,1011463,RW25,217.97298,76.5,102.69514900000001,True,True,True,True,True,Exceptional
2023-05-01,2023,5,May,2,1011461,RW34,215.21053,76.5,102.69514900000001,True,True,True,True,True,Exceptional
1986-04-21,1986,4,April,2,1011467,RW23,214.30302,76.5,102.69514900000001,True,True,True,True,True,Exceptional
1986-04-21,1986,4,April,2,1011465,RW21,213.63637,76.5,102.69514900000001,True,True,True,True,True,Exceptional
2023-05-01,2023,5,May,2,1011445,RW44,196.25,76.5,102.69514900000001,True,True,True,True,False,Very Extreme
1986-04-21,1986,4,April,1,900114,RW2,194.00502,76.5,102.69514900000001,True,True,True,True,False,Very Extreme
2023-05-01,2023,5,May,2,1011446,RW42,189.22728,76.5,102.69514900000001,True,True,True,True,False,Very Extreme
2023-05-01,2023,5,May,1,900112,RW4,179.80188,76.5,102.69514900000001,True,True,True,True,False,Very Extreme
2023-05-01,2023,5,May,2,1011464,RW37,177.93549,76.5,102.69514900000001,True,True,True,True,False,Very Extreme
1985-04-21,1985,4,April,2,1011453,RW31,177.26923,76.5,102.69514900000001,True,True,True,True,False,Very Extreme
1986-04-21,1986,4,April,2,1011469,RW26,175.0,76.5,102.69514900000001,True,True,True,True,False,Very Extreme
2023-05-01,2023,5,May,2,1011460,RW35,174.7,76.5,102.69514900000001,True,True,True,True,False,Very Extreme
2023-05-01,2023,5,May,2,1011443,RW36,173.5,76.5,102.69514900000001,True,True,True,True,False,Very Extreme
2023-05-01,2023,5,May,2,1011463,RW25,172.62163,76.5,102.69514900000001,True,True,True,True,False,Very Extreme
2023-05-01,2023,5,May,1,900113,RW3,171.87743,76.5,102.69514900000001,True,True,True,True,False,Very Extreme
2018-04-11,2018,4,April,2,1011449,RW45,168.55556,76.5,102.69514900000001,True,True,True,True,False,Very Extreme
1985-04-21,1985,4,April,2,1011469,RW26,167.54546,76.5,102.69514900000001,True,True,True,True,False,Very Extreme
1985-04-21,1985,4,April,2,1011463,RW25,166.91891,76.5,102.69514900000001,True,True,True,True,False,Very Extreme
2023-05-01,2023,5,May,2,1011468,RW33,163.36363,76.5,102.69514900000001,True,True,True,True,False,Very Extreme
2018-04-11,2018,4,April,2,1011445,RW44,161.25,76.5,102.69514900000001,True,True,True,True,False,Very Extreme
2023-05-01,2023,5,May,2,1011453,RW31,161.15384,76.5,102.69514900000001,True,True,True,True,False,Very Extreme
1985-04-21,1985,4,April,2,1011472,RW32,158.89473,76.5,102.69514900000001,True,True,True,True,False,Very Extreme
2023-05-01,2023,5,May,2,1011472,RW32,158.0,76.5,102.69514900000001,True,True,True,True,False,Very Extreme
1983-04-21,1983,4,April,2,1011467,RW23,157.51515,76.5,102.69514900000001,True,True,True,True,False,Very Extreme
2023-05-01,2023,5,May,2,1011471,RW36,155.77777,76.5,102.69514900000001,True,True,True,True,False,Very Extreme
2018-04-11,2018,4,April,1,900112,RW4,154.99057,76.5,102.69514900000001,True,True,True,True,False,Very Extreme
2018-04-11,2018,4,April,2,1011448,RW53,154.15686,76.5,102.69514900000001,True,True,True,True,False,Very Extreme
2023-05-01,2023,5,May,2,1011449,RW45,152.96297,76.5,102.69514900000001,True,True,True,True,False,Very Extreme
2018-04-11,2018,4,April,2,1011470,RW41,152.25,76.5,102.69514900000001,True,True,True,True,False,Very Extreme
2020-04-21,2020,4,April,2,1011454,RW54,151.96774,76.5,102.69514900000001,True,True,True,True,False,Very Extreme
1981-03-21,1981,3,March,2,1011454,RW54,151.80646,76.5,102.69514900000001,True,True,True,True,False,Very Extreme
1982-11-21,1982,11,November,2,1011471,RW36,151.37038,76.5,102.69514900000001,True,True,True,True,False,Very Extreme
1986-04-21,1986,4,April,2,1011453,RW31,151.15384,76.5,102.69514900000001,True,True,True,True,False,Very Extreme
2023-05-01,2023,5,May,2,1011470,RW41,150.6,76.5,102.69514900000001,True,True,True,True,False,Very Extreme
2018-04-11,2018,4,April,2,1011454,RW54,150.33871,76.5,102.69514900000001,True,True,True,True,False,Very Extreme
2018-04-11,2018,4,April,2,1011473,RW51,150.0,76.5,102.69514900000001,True,True,True,True,False,Extreme
2018-04-11,2018,4,April,2,1011446,RW42,148.5,76.5,102.69514900000001,True,True,True,False,False,Extreme
1985-04-21,1985,4,April,2,1011465,RW21,147.90909,76.5,102.69514900000001,True,True,True,False,False,Extreme
2023-04-21,2023,4,April,2,1011463,RW25,147.75676,76.5,102.69514900000001,True,True,True,False,False,Extreme
1981-03-21,1981,3,March,2,1011448,RW53,147.64706,76.5,102.69514900000001,True,True,True,False,False,Extreme
1983-04-21,1983,4,April,2,1011451,RW24,146.58824,76.5,102.69514900000001,True,True,True,False,False,Extreme
2024-11-21,2024,11,November,2,1011461,RW34,146.3158,76.5,102.69514900000001,True,True,True,False,False,Extreme
2018-12-01,2018,12,December,2,1011456,RW55,146.0,76.5,102.69514900000001,True,True,True,False,False,Extreme
2023-05-01,2023,5,May,2,1011457,RW27,145.90909,76.5,102.69514900000001,True,True,True,False,False,Extreme
1985-04-21,1985,4,April,2,1011464,RW37,145.3871,76.5,102.69514900000001,True,True,True,False,False,Extreme
1986-04-21,1986,4,April,2,1011464,RW37,144.54839,76.5,102.69514900000001,True,True,True,False,False,Extreme
2018-04-11,2018,4,April,2,1011456,RW55,143.60527,76.5,102.69514900000001,True,True,True,False,False,Extreme
1981-03-21,1981,3,March,2,1011449,RW45,142.92592,76.5,102.69514900000001,True,True,True,False,False,Extreme
1986-04-21,1986,4,April,2,1011471,RW36,142.40741,76.5,102.69514900000001,True,True,True,False,False,Extreme
2020-04-21,2020,4,April,2,1011448,RW53,141.9804,76.5,102.69514900000001,True,True,True,False,False,Extreme
1981-03-21,1981,3,March,2,1011459,RW56,141.3793,76.5,102.69514900000001,True,True,True,False,False,Extreme
2024-11-21,2024,11,November,2,1011460,RW35,139.6,76.5,102.69514900000001,True,True,True,False,False,Extreme
1985-04-21,1985,4,April,2,1011466,RW11,139.5,76.5,102.69514900000001,True,True,True,False,False,Extreme
1981-03-21,1981,3,March,2,1011470,RW41,138.9,76.5,102.69514900000001,True,True,True,False,False,Extreme
1985-04-21,1985,4,April,2,1011460,RW35,138.85,76.5,102.69514900000001,True,True,True,False,False,Extreme
2024-11-21,2024,11,November,2,1011458,RW43,138.82353,76.5,102.69514900000001,True,True,True,False,False,Extreme
1981-03-21,1981,3,March,2,1011472,RW32,138.3158,76.5,102.69514900000001,True,True,True,False,False,Extreme
1985-04-21,1985,4,April,1,900113,RW3,138.14839,76.5,102.69514900000001,True,True,True,False,False,Extreme
1981-03-21,1981,3,March,2,1011473,RW51,137.86363,76.5,102.69514900000001,True,True,True,False,False,Extreme
2018-04-11,2018,4,April,2,1011458,RW43,137.70589,76.5,102.69514900000001,True,True,True,False,False,Extreme
2021-05-01,2021,5,May,2,1011451,RW24,137.29411,76.5,102.69514900000001,True,True,True,False,False,Extreme
2018-04-11,2018,4,April,2,1011451,RW24,137.29411,76.5,102.69514900000001,True,True,True,False,False,Extreme
2007-05-11,2007,5,May,2,1011447,RW12,137.28572,76.5,102.69514900000001,True,True,True,False,False,Extreme
2023-04-21,2023,4,April,2,1011464,RW37,136.67741,76.5,102.69514900000001,True,True,True,False,False,Extreme
2018-04-11,2018,4,April,1,900111,RW5,136.3705,76.5,102.69514900000001,True,True,True,False,False,Extreme
1985-03-21,1985,3,March,2,1011471,RW36,136.2963,76.5,102.69514900000001,True,True,True,False,False,Extreme
1995-04-21,1995,4,April,2,1011467,RW23,136.12122,76.5,102.69514900000001,True,True,True,False,False,Extreme
1981-03-21,1981,3,March,2,1011456,RW55,135.26315,76.5,102.69514900000001,True,True,True,False,False,Extreme
2018-04-11,2018,4,April,2,1011459,RW56,134.82759,76.5,102.69514900000001,True,True,True,False,False,Extreme
1982-11-21,1982,11,November,2,1011464,RW37,134.70967,76.5,102.69514900000001,True,True,True,False,False,Extreme
2018-12-01,2018,12,December,2,1011450,RW22,133.875,76.5,102.69514900000001,True,True,True,False,False,Extreme
1981-03-21,1981,3,March,1,900111,RW5,133.6164,76.5,102.69514900000001,True,True,True,False,False,Extreme
2020-10-21,2020,10,October,2,1011459,RW56,132.82759,76.5,102.69514900000001,True,True,True,False,False,Extreme
1985-04-21,1985,4,April,1,900114,RW2,132.77386,76.5,102.69514900000001,True,True,True,False,False,Extreme
1985-04-21,1985,4,April,2,1011452,RW28,132.63637,76.5,102.69514900000001,True,True,True,False,False,Extreme
2018-04-11,2018,4,April,2,1011450,RW22,132.625,76.5,102.69514900000001,True,True,True,False,False,Extreme
1981-03-21,1981,3,March,1,900112,RW4,132.5,76.5,102.69514900000001,True,True,True,False,False,Extreme
1986-04-21,1986,4,April,2,1011457,RW27,131.95454,76.5,102.69514900000001,True,True,True,False,False,Extreme
2024-11-21,2024,11,November,2,1011457,RW27,131.5,76.5,102.69514900000001,True,True,True,False,False,Extreme
1985-04-21,1985,4,April,2,1011457,RW27,131.27272,76.5,102.69514900000001,True,True,True,False,False,Extreme
1985-04-11,1985,4,April,2,1011467,RW23,130.75757,76.5,102.69514900000001,True,True,True,False,False,Extreme
2024-04-21,2024,4,April,2,1011451,RW24,130.52942,76.5,102.69514900000001,True,True,True,False,False,Extreme
1983-03-21,1983,3,March,2,1011443,RW36,130.0,76.5,102.69514900000001,True,True,True,False,False,Extreme
1986-04-21,1986,4,April,2,1011444,RW57,129.12195,76.5,102.69514900000001,True,True,True,False,False,Extreme
2024-11-01,2024,11,November,2,1011450,RW22,129.04167,76.5,102.69514900000001,True,True,True,False,False,Extreme
2018-04-11,2018,4,April,2,1011460,RW35,128.9,76.5,102.69514900000001,True,True,True,False,False,Extreme
1986-04-21,1986,4,April,2,1011452,RW28,128.72728,76.5,102.69514900000001,True,True,True,False,False,Extreme
2018-04-01,2018,4,April,2,1011450,RW22,128.70833,76.5,102.69514900000001,True,True,True,False,False,Extreme
2013-03-21,2013,3,March,2,1011451,RW24,128.52942,76.5,102.69514900000001,True,True,True,False,False,Extreme
2007-05-11,2007,5,May,1,900110,RW1,128.43478,76.5,102.69514900000001,True,True,True,False,False,Extreme
2018-04-11,2018,4,April,2,1011447,RW12,128.35715,76.5,102.69514900000001,True,True,True,False,False,Extreme
2018-04-11,2018,4,April,2,1011463,RW25,128.16216,76.5,102.69514900000001,True,True,True,False,False,Extreme
2018-03-01,2018,3,March,2,1011470,RW41,128.0,76.5,102.69514900000001,True,True,True,False,False,Extreme
2010-02-11,2010,2,February,2,1011450,RW22,127.541664,76.5,102.69514900000001,True,True,True,False,False,Extreme
1981-03-21,1981,3,March,2,1011446,RW42,127.5,76.5,102.69514900000001,True,True,True,False,False,Extreme
2016-05-01,2016,5,May,2,1011461,RW34,127.10526,76.5,102.69514900000001,True,True,True,False,False,Extreme
1981-03-21,1981,3,March,2,1011468,RW33,127.09091,76.5,102.69514900000001,True,True,True,False,False,Extreme
2018-04-11,2018,4,April,2,1011461,RW34,126.89474,76.5,102.69514900000001,True,True,True,False,False,Extreme
1983-03-21,1983,3,March,2,1011464,RW37,126.870964,76.5,102.69514900000001,True,True,True,False,False,Extreme
2011-11-21,2011,11,November,2,1011467,RW23,126.84849,76.5,102.69514900000001,True,True,True,False,False,Extreme
2018-03-01,2018,3,March,2,1011457,RW27,126.681816,76.5,102.69514900000001,True,True,True,False,False,Extreme
2018-04-11,2018,4,April,1,900110,RW1,126.652176,76.5,102.69514900000001,True,True,True,False,False,Extreme
2018-03-01,2018,3,March,2,1011467,RW23,126.606064,76.5,102.69514900000001,True,True,True,False,False,Extreme
2018-04-11,2018,4,April,2,1011467,RW23,126.51515,76.5,102.69514900000001,True,True,True,False,False,Extreme
2023-04-21,2023,4,April,2,1011443,RW36,126.5,76.5,102.69514900000001,True,True,True,False,False,Extreme
1981-03-21,1981,3,March,2,1011458,RW43,126.29412,76.5,102.69514900000001,True,True,True,False,False,Extreme
1981-04-11,1981,4,April,2,1011467,RW23,126.21212,76.5,102.69514900000001,True,True,True,False,False,Extreme
2018-04-11,2018,4,April,2,1011455,RW13,126.14286,76.5,102.69514900000001,True,True,True,False,False,Extreme
1981-03-21,1981,3,March,2,1011461,RW34,126.052635,76.5,102.69514900000001,True,True,True,False,False,Extreme
1985-04-21,1985,4,April,2,1011449,RW45,125.96296,76.5,102.69514900000001,True,True,True,False,False,Extreme
2015-03-21,2015,3,March,2,1011467,RW23,125.84849,76.5,102.69514900000001,True,True,True,False,False,Extreme
2013-03-21,2013,3,March,2,1011467,RW23,125.78788,76.5,102.69514900000001,True,True,True,False,False,Extreme
1981-04-01,1981,4,April,2,1011467,RW23,125.69697,76.5,102.69514900000001,True,True,True,False,False,Extreme
2010-02-11,2010,2,February,2,1011467,RW23,125.666664,76.5,102.69514900000001,True,True,True,False,False,Extreme
2013-03-21,2013,3,March,2,1011450,RW22,125.375,76.5,102.69514900000001,True,True,True,False,False,Extreme
2024-11-21,2024,11,November,2,1011472,RW32,125.26316,76.5,102.69514900000001,True,True,True,False,False,Extreme
2018-03-01,2018,3,March,2,1011466,RW11,125.0,76.5,102.69514900000001,True,True,True,False,False,Extreme
1985-04-21,1985,4,April,2,1011443,RW36,125.0,76.5,102.69514900000001,True,True,True,False,False,Extreme
2018-03-01,2018,3,March,2,1011468,RW33,125.0,76.5,102.69514900000001,True,True,True,False,False,Extreme
1983-04-21,1983,4,April,2,1011463,RW25,124.86487,76.5,102.69514900000001,True,True,True,False,False,Extreme
1985-04-11,1985,4,April,2,1011459,RW56,124.82758,76.5,102.69514900000001,True,True,True,False,False,Extreme
1981-03-21,1981,3,March,2,1011460,RW35,124.75,76.5,102.69514900000001,True,True,True,False,False,Extreme
2018-04-11,2018,4,April,1,900114,RW2,124.703514,76.5,102.69514900000001,True,True,True,False,False,Extreme
1986-04-21,1986,4,April,2,1011460,RW35,124.6,76.5,102.69514900000001,True,True,True,False,False,Extreme
2024-11-01,2024,11,November,2,1011467,RW23,124.57576,76.5,102.69514900000001,True,True,True,False,False,Extreme
2018-03-01,2018,3,March,2,1011463,RW25,124.48649,76.5,102.69514900000001,True,True,True,False,False,Extreme
2009-10-11,2009,10,October,2,1011464,RW37,124.41936,76.5,102.69514900000001,True,True,True,False,False,Extreme
2010-02-11,2010,2,February,2,1011451,RW24,124.411766,76.5,102.69514900000001,True,True,True,False,False,Extreme
1995-04-21,1995,4,April,2,1011471,RW36,124.333336,76.5,102.69514900000001,True,True,True,False,False,Extreme
1986-04-21,1986,4,April,1,900113,RW3,124.129036,76.5,102.69514900000001,True,True,True,False,False,Extreme
1986-04-21,1986,4,April,2,1011443,RW36,124.0,76.5,102.69514900000001,True,True,True,False,False,Extreme
1983-03-21,1983,3,March,2,1011471,RW36,123.85185,76.5,102.69514900000001,True,True,True,False,False,Extreme
2016-05-01,2016,5,May,2,1011458,RW43,123.70588,76.5,102.69514900000001,True,True,True,False,False,Extreme
2015-10-21,2015,10,October,2,1011458,RW43,123.70588,76.5,102.69514900000001,True,True,True,False,False,Extreme
2024-04-21,2024,4,April,2,1011463,RW25,123.64865,76.5,102.69514900000001,True,True,True,False,False,Extreme
2007-05-11,2007,5,May,2,1011466,RW11,123.5,76.5,102.69514900000001,True,True,True,False,False,Extreme
2022-04-21,2022,4,April,2,1011454,RW54,123.46774,76.5,102.69514900000001,True,True,True,False,False,Extreme
2018-03-01,2018,3,March,2,1011460,RW35,123.15,76.5,102.69514900000001,True,True,True,False,False,Extreme
2018-03-01,2018,3,March,2,1011454,RW54,123.145164,76.5,102.69514900000001,True,True,True,False,False,Extreme
2016-10-21,2016,10,October,2,1011458,RW43,123.0,76.5,102.69514900000001,True,True,True,False,False,Extreme
1985-04-21,1985,4,April,1,900110,RW1,122.82609,76.5,102.69514900000001,True,True,True,False,False,Extreme
1990-04-01,1990,4,April,2,1011446,RW42,122.818184,76.5,102.69514900000001,True,True,True,False,False,Extreme
1981-03-21,1981,3,March,2,1011445,RW44,122.8,76.5,102.69514900000001,True,True,True,False,False,Extreme
1981-04-01,1981,4,April,2,1011470,RW41,122.8,76.5,102.69514900000001,True,True,True,False,False,Extreme
2024-11-21,2024,11,November,2,1011453,RW31,122.73077,76.5,102.69514900000001,True,True,True,False,False,Extreme
2018-04-11,2018,4,April,2,1011465,RW21,122.72727,76.5,102.69514900000001,True,True,True,False,False,Extreme
1990-04-01,1990,4,April,2,1011467,RW23,122.63636,76.5,102.69514900000001,True,True,True,False,False,Extreme
2018-04-11,2018,4,April,2,1011457,RW27,122.63636,76.5,102.69514900000001,True,True,True,False,False,Extreme
1983-04-21,1983,4,April,2,1011465,RW21,122.63636,76.5,102.69514900000001,True,True,True,False,False,Extreme
2006-12-21,2006,12,December,2,1011447,RW12,122.5,76.5,102.69514900000001,True,True,True,False,False,Extreme
1981-03-21,1981,3,March,2,1011447,RW12,122.42857,76.5,102.69514900000001,True,True,True,False,False,Extreme
1985-04-21,1985,4,April,2,1011447,RW12,122.21429,76.5,102.69514900000001,True,True,True,False,False,Extreme
1981-04-01,1981,4,April,2,1011463,RW25,122.08108,76.5,102.69514900000001,True,True,True,False,False,Extreme
2018-03-01,2018,3,March,2,1011447,RW12,122.07143,76.5,102.69514900000001,True,True,True,False,False,Extreme
1991-05-21,1991,5,May,2,1011470,RW41,121.95,76.5,102.69514900000001,True,True,True,False,False,Extreme
2020-04-21,2020,4,April,2,1011449,RW45,121.888885,76.5,102.69514900000001,True,True,True,False,False,Extreme
2009-10-11,2009,10,October,2,1011453,RW31,121.73077,76.5,102.69514900000001,True,True,True,False,False,Extreme
2018-03-01,2018,3,March,1,900114,RW2,121.59799,76.5,102.69514900000001,True,True,True,False,False,Extreme
2024-11-01,2024,11,November,2,1011458,RW43,121.588234,76.5,102.69514900000001,True,True,True,False,False,Extreme
2018-03-01,2018,3,March,2,1011451,RW24,121.23529,76.5,102.69514900000001,True,True,True,False,False,Extreme
1992-04-21,1992,4,April,2,1011451,RW24,121.17647,76.5,102.69514900000001,True,True,True,False,False,Extreme
1985-03-21,1985,3,March,2,1011464,RW37,121.03226,76.5,102.69514900000001,True,True,True,False,False,Extreme
2024-04-21,2024,4,April,2,1011467,RW23,121.0,76.5,102.69514900000001,True,True,True,False,False,Extreme
1986-04-21,1986,4,April,2,1011466,RW11,121.0,76.5,102.69514900000001,True,True,True,False,False,Extreme
1982-11-21,1982,11,November,2,1011443,RW36,121.0,76.5,102.69514900000001,True,True,True,False,False,Extreme
2006-12-21,2006,12,December,1,900110,RW1,120.95652,76.5,102.69514900000001,True,True,True,False,False,Extreme
2018-03-01,2018,3,March,2,1011465,RW21,120.90909,76.5,102.69514900000001,True,True,True,False,False,Extreme
2024-11-21,2024,11,November,2,1011446,RW42,120.818184,76.5,102.69514900000001,True,True,True,False,False,Extreme
2018-12-01,2018,12,December,2,1011465,RW21,120.681816,76.5,102.69514900000001,True,True,True,False,False,Extreme
2018-03-01,2018,3,March,2,1011464,RW37,120.67742,76.5,102.69514900000001,True,True,True,False,False,Extreme
2009-10-11,2009,10,October,2,1011463,RW25,120.675674,76.5,102.69514900000001,True,True,True,False,False,Extreme
2020-04-21,2020,4,April,2,1011467,RW23,120.63636,76.5,102.69514900000001,True,True,True,False,False,Extreme
2018-03-01,2018,3,March,1,900113,RW3,120.58064,76.5,102.69514900000001,True,True,True,False,False,Extreme
2020-10-21,2020,10,October,2,1011447,RW12,120.57143,76.5,102.69514900000001,True,True,True,False,False,Extreme
2024-11-11,2024,11,November,2,1011458,RW43,120.52941,76.5,102.69514900000001,True,True,True,False,False,Extreme
2025-04-21,2025,4,April,2,1011470,RW41,120.45,76.5,102.69514900000001,True,True,True,False,False,Extreme
2006-12-21,2006,12,December,2,1011455,RW13,120.42857,76.5,102.69514900000001,True,True,True,False,False,Extreme
1995-10-11,1995,10,October,2,1011458,RW43,120.411766,76.5,102.69514900000001,True,True,True,False,False,Extreme
2018-12-01,2018,12,December,2,1011459,RW56,120.206894,76.5,102.69514900000001,True,True,True,False,False,Extreme
2020-10-21,2020,10,October,2,1011473,RW51,120.13636,76.5,102.69514900000001,True,True,True,False,False,Extreme
2013-03-21,2013,3,March,2,1011463,RW25,120.13513,76.5,102.69514900000001,True,True,True,False,False,Extreme
2018-03-01,2018,3,March,2,1011471,RW36,120.07407,76.5,102.69514900000001,True,True,True,False,False,Extreme
2010-02-11,2010,2,February,2,1011466,RW11,120.0,76.5,102.69514900000001,True,True,True,False,False,Extreme
2020-04-21,2020,4,April,1,900111,RW5,119.97705,76.5,102.69514900000001,True,True,True,False,False,Extreme
2006-12-21,2006,12,December,2,1011450,RW22,119.625,76.5,102.69514900000001,True,True,True,False,False,Extreme
2024-11-11,2024,11,November,2,1011467,RW23,119.606064,76.5,102.69514900000001,True,True,True,False,False,Extreme
1985-04-11,1985,4,April,2,1011450,RW22,119.583336,76.5,102.69514900000001,True,True,True,False,False,Extreme
2018-03-01,2018,3,March,2,1011453,RW31,119.57692,76.5,102.69514900000001,True,True,True,False,False,Extreme
2018-03-01,2018,3,March,2,1011461,RW34,119.52631,76.5,102.69514900000001,True,True,True,False,False,Extreme
2018-03-01,2018,3,March,2,1011472,RW32,119.47369,76.5,102.69514900000001,True,True,True,False,False,Extreme
2023-04-21,2023,4,April,2,1011453,RW31,119.46154,76.5,102.69514900000001,True,True,True,False,False,Extreme
1985-04-11,1985,4,April,2,1011468,RW33,119.454544,76.5,102.69514900000001,True,True,True,False,False,Extreme
1992-04-21,1992,4,April,2,1011467,RW23,119.454544,76.5,102.69514900000001,True,True,True,False,False,Extreme
2018-03-01,2018,3,March,1,900110,RW1,119.434784,76.5,102.69514900000001,True,True,True,False,False,Extreme
2018-03-01,2018,3,March,2,1011450,RW22,119.416664,76.5,102.69514900000001,True,True,True,False,False,Extreme
2006-12-21,2006,12,December,2,1011473,RW51,119.40909,76.5,102.69514900000001,True,True,True,False,False,Extreme
1985-04-21,1985,4,April,2,1011455,RW13,119.28571,76.5,102.69514900000001,True,True,True,False,False,Extreme
2009-02-01,2009,2,February,2,1011467,RW23,119.181816,76.5,102.69514900000001,True,True,True,False,False,Extreme
1981-03-21,1981,3,March,2,1011462,RW52,119.145164,76.5,102.69514900000001,True,True,True,False,False,Extreme
2024-04-21,2024,4,April,2,1011465,RW21,119.045456,76.5,102.69514900000001,True,True,True,False,False,Extreme
1983-04-21,1983,4,April,1,900114,RW2,119.03518,76.5,102.69514900000001,True,True,True,False,False,Extreme
1981-04-11,1981,4,April,2,1011463,RW25,118.72973,76.5,102.69514900000001,True,True,True,False,False,Extreme
2020-10-21,2020,10,October,1,900110,RW1,118.652176,76.5,102.69514900000001,True,True,True,False,False,Extreme
1985-04-11,1985,4,April,2,1011451,RW24,118.52941,76.5,102.69514900000001,True,True,True,False,False,Extreme
2024-11-11,2024,11,November,2,1011450,RW22,118.5,76.5,102.69514900000001,True,True,True,False,False,Extreme
2006-12-21,2006,12,December,2,1011456,RW55,118.36842,76.5,102.69514900000001,True,True,True,False,False,Extreme
2024-04-11,2024,4,April,2,1011467,RW23,118.36364,76.5,102.69514900000001,True,True,True,False,False,Extreme
1990-02-21,1990,2,February,2,1011463,RW25,118.297295,76.5,102.69514900000001,True,True,True,False,False,Extreme
2021-05-01,2021,5,May,2,1011467,RW23,118.21212,76.5,102.69514900000001,True,True,True,False,False,Extreme
1981-04-01,1981,4,April,2,1011471,RW36,118.14815,76.5,102.69514900000001,True,True,True,False,False,Extreme
2020-04-21,2020,4,April,2,1011456,RW55,118.13158,76.5,102.69514900000001,True,True,True,False,False,Extreme
2015-10-11,2015,10,October,2,1011467,RW23,118.121216,76.5,102.69514900000001,True,True,True,False,False,Extreme
2022-05-21,2022,5,May,2,1011443,RW36,118.0,76.5,102.69514900000001,True,True,True,False,False,Extreme
2023-04-21,2023,4,April,1,900113,RW3,117.870964,76.5,102.69514900000001,True,True,True,False,False,Extreme
2018-03-01,2018,3,March,2,1011458,RW43,117.82353,76.5,102.69514900000001,True,True,True,False,False,Extreme
2018-03-01,2018,3,March,2,1011446,RW42,117.63636,76.5,102.69514900000001,True,True,True,False,False,Extreme
2009-05-11,2009,5,May,2,1011452,RW28,117.5,76.5,102.69514900000001,True,True,True,False,False,Extreme
2025-04-21,2025,4,April,2,1011450,RW22,117.458336,76.5,102.69514900000001,True,True,True,False,False,Extreme
2015-03-21,2015,3,March,2,1011471,RW36,117.333336,76.5,102.69514900000001,True,True,True,False,False,Extreme
1985-04-21,1985,4,April,2,1011471,RW36,117.296295,76.5,102.69514900000001,True,True,True,False,False,Extreme
1995-04-21,1995,4,April,2,1011464,RW37,117.29032,76.5,102.69514900000001,True,True,True,False,False,Extreme
2020-04-21,2020,4,April,2,1011473,RW51,117.181816,76.5,102.69514900000001,True,True,True,False,False,Extreme
2023-04-21,2023,4,April,2,1011460,RW35,117.0,76.5,102.69514900000001,True,True,True,False,False,Extreme
1983-04-21,1983,4,April,2,1011450,RW22,116.875,76.5,102.69514900000001,True,True,True,False,False,Extreme
2018-04-11,2018,4,April,2,1011462,RW52,116.82258,76.5,102.69514900000001,True,True,True,False,False,Extreme
1995-04-21,1995,4,April,2,1011463,RW25,116.810814,76.5,102.69514900000001,True,True,True,False,False,Extreme
2006-04-01,2006,4,April,2,1011449,RW45,116.74074,76.5,102.69514900000001,True,True,True,False,False,Extreme
1985-04-11,1985,4,April,2,1011461,RW34,116.73684,76.5,102.69514900000001,True,True,True,False,False,Extreme
2010-02-11,2010,2,February,1,900114,RW2,116.658295,76.5,102.69514900000001,True,True,True,False,False,Extreme
2010-02-11,2010,2,February,2,1011463,RW25,116.64865,76.5,102.69514900000001,True,True,True,False,False,Extreme
2018-04-11,2018,4,April,2,1011466,RW11,116.5,76.5,102.69514900000001,True,True,True,False,False,Extreme
2025-04-21,2025,4,April,2,1011473,RW51,116.5,76.5,102.69514900000001,True,True,True,False,False,Extreme
1995-04-21,1995,4,April,2,1011443,RW36,116.5,76.5,102.69514900000001,True,True,True,False,False,Extreme
1991-05-21,1991,5,May,2,1011467,RW23,116.42424,76.5,102.69514900000001,True,True,True,False,False,Extreme
2013-03-21,2013,3,March,2,1011465,RW21,116.40909,76.5,102.69514900000001,True,True,True,False,False,Extreme
1985-04-21,1985,4,April,2,1011470,RW41,116.4,76.5,102.69514900000001,True,True,True,False,False,Extreme
1981-04-01,1981,4,April,2,1011464,RW37,116.32258,76.5,102.69514900000001,True,True,True,False,False,Extreme
1981-04-01,1981,4,April,2,1011446,RW42,116.27273,76.5,102.69514900000001,True,True,True,False,False,Extreme
1997-04-01,1997,4,April,2,1011450,RW22,116.25,76.5,102.69514900000001,True,True,True,False,False,Extreme
2018-03-01,2018,3,March,2,1011469,RW26,116.181816,76.5,102.69514900000001,True,True,True,False,False,Extreme
1989-04-01,1989,4,April,2,1011459,RW56,116.13793,76.5,102.69514900000001,True,True,True,False,False,Extreme
1991-05-21,1991,5,May,2,1011449,RW45,116.111115,76.5,102.69514900000001,True,True,True,False,False,Extreme
2006-04-01,2006,4,April,2,1011467,RW23,116.09091,76.5,102.69514900000001,True,True,True,False,False,Extreme
2023-04-21,2023,4,April,2,1011472,RW32,116.052635,76.5,102.69514900000001,True,True,True,False,False,Extreme
2021-05-11,2021,5,May,2,1011465,RW21,116.045456,76.5,102.69514900000001,True,True,True,False,False,Extreme
1995-10-11,1995,10,October,2,1011464,RW37,116.0,76.5,102.69514900000001,True,True,True,False,False,Extreme
2015-03-21,2015,3,March,2,1011470,RW41,115.75,76.5,102.69514900000001,True,True,True,False,False,Extreme
2013-03-21,2013,3,March,2,1011471,RW36,115.74074,76.5,102.69514900000001,True,True,True,False,False,Extreme
2020-10-21,2020,10,October,2,1011455,RW13,115.71429,76.5,102.69514900000001,True,True,True,False,False,Extreme
2024-11-01,2024,11,November,2,1011445,RW44,115.65,76.5,102.69514900000001,True,True,True,False,False,Extreme
1989-04-01,1989,4,April,2,1011456,RW55,115.60526,76.5,102.69514900000001,True,True,True,False,False,Extreme
1981-11-21,1981,11,November,2,1011471,RW36,115.59259,76.5,102.69514900000001,True,True,True,False,False,Extreme
2012-04-21,2012,4,April,2,1011473,RW51,115.59091,76.5,102.69514900000001,True,True,True,False,False,Extreme
2018-03-01,2018,3,March,1,900112,RW4,115.528305,76.5,102.69514900000001,True,True,True,False,False,Extreme
2026-01-21,2026,1,January,2,1011464,RW37,115.51613,76.5,102.69514900000001,True,True,True,False,False,Extreme
2020-10-21,2020,10,October,2,1011466,RW11,115.5,76.5,102.69514900000001,True,True,True,False,False,Extreme
1995-04-21,1995,4,April,2,1011454,RW54,115.435486,76.5,102.69514900000001,True,True,True,False,False,Extreme
2006-04-01,2006,4,April,2,1011465,RW21,115.36364,76.5,102.69514900000001,True,True,True,False,False,Extreme
1983-04-11,1983,4,April,2,1011458,RW43,115.23529,76.5,102.69514900000001,True,True,True,False,False,Extreme
1981-03-21,1981,3,March,1,900110,RW1,115.21739,76.5,102.69514900000001,True,True,True,False,False,Extreme
1981-04-11,1981,4,April,2,1011451,RW24,115.117645,76.5,102.69514900000001,True,True,True,False,False,Extreme
2013-03-21,2013,3,March,1,900114,RW2,115.1005,76.5,102.69514900000001,True,True,True,False,False,Extreme
1992-04-21,1992,4,April,2,1011450,RW22,115.041664,76.5,102.69514900000001,True,True,True,False,False,Extreme
2023-04-21,2023,4,April,2,1011471,RW36,115.03704,76.5,102.69514900000001,True,True,True,False,False,Extreme
1990-04-01,1990,4,April,1,900112,RW4,115.028305,76.5,102.69514900000001,True,True,True,False,False,Extreme
2009-05-11,2009,5,May,2,1011457,RW27,115.0,76.5,102.69514900000001,True,True,True,False,False,Extreme
1995-04-21,1995,4,April,2,1011459,RW56,114.68965,76.5,102.69514900000001,True,True,True,False,False,Extreme
2018-03-01,2018,3,March,2,1011448,RW53,114.68627,76.5,102.69514900000001,True,True,True,False,False,Extreme
1981-03-21,1981,3,March,2,1011450,RW22,114.666664,76.5,102.69514900000001,True,True,True,False,False,Extreme
2018-03-01,2018,3,March,2,1011449,RW45,114.62963,76.5,102.69514900000001,True,True,True,False,False,Extreme
1990-04-01,1990,4,April,2,1011463,RW25,114.54054,76.5,102.69514900000001,True,True,True,False,False,Extreme
2024-11-01,2024,11,November,2,1011461,RW34,114.52631,76.5,102.69514900000001,True,True,True,False,False,Extreme
2009-05-11,2009,5,May,2,1011466,RW11,114.5,76.5,102.69514900000001,True,True,True,False,False,Extreme
2024-11-01,2024,11,November,2,1011451,RW24,114.47059,76.5,102.69514900000001,True,True,True,False,False,Extreme
1997-04-01,1997,4,April,2,1011467,RW23,114.454544,76.5,102.69514900000001,True,True,True,False,False,Extreme
2024-11-21,2024,11,November,2,1011468,RW33,114.36364,76.5,102.69514900000001,True,True,True,False,False,Extreme
2024-11-21,2024,11,November,2,1011452,RW28,114.27273,76.5,102.69514900000001,True,True,True,False,False,Extreme
2024-11-21,2024,11,November,1,900113,RW3,114.258064,76.5,102.69514900000001,True,True,True,False,False,Extreme
1988-03-01,1988,3,March,2,1011464,RW37,114.258064,76.5,102.69514900000001,True,True,True,False,False,Extreme
2015-03-21,2015,3,March,2,1011451,RW24,114.17647,76.5,102.69514900000001,True,True,True,False,False,Extreme
2021-05-01,2021,5,May,2,1011455,RW13,114.14286,76.5,102.69514900000001,True,True,True,False,False,Extreme
2009-05-11,2009,5,May,2,1011455,RW13,114.14286,76.5,102.69514900000001,True,True,True,False,False,Extreme
1990-04-01,1990,4,April,2,1011449,RW45,114.111115,76.5,102.69514900000001,True,True,True,False,False,Extreme
2006-04-01,2006,4,April,2,1011463,RW25,114.054054,76.5,102.69514900000001,True,True,True,False,False,Extreme
2023-05-01,2023,5,May,2,1011467,RW23,114.0,76.5,102.69514900000001,True,True,True,False,False,Extreme
2013-03-21,2013,3,March,2,1011464,RW37,113.80645,76.5,102.69514900000001,True,True,True,False,False,Extreme
2015-03-21,2015,3,March,2,1011450,RW22,113.791664,76.5,102.69514900000001,True,True,True,False,False,Extreme
2006-04-01,2006,4,April,2,1011450,RW22,113.666664,76.5,102.69514900000001,True,True,True,False,False,Extreme
1981-04-11,1981,4,April,2,1011450,RW22,113.666664,76.5,102.69514900000001,True,True,True,False,False,Extreme
1990-04-01,1990,4,April,2,1011470,RW41,113.65,76.5,102.69514900000001,True,True,True,False,False,Extreme
1991-05-21,1991,5,May,2,1011451,RW24,113.588234,76.5,102.69514900000001,True,True,True,False,False,Extreme
2024-04-21,2024,4,April,2,1011450,RW22,113.583336,76.5,102.69514900000001,True,True,True,False,False,Extreme
2025-04-21,2025,4,April,2,1011459,RW56,113.51724,76.5,102.69514900000001,True,True,True,False,False,Extreme
2020-04-21,2020,4,April,2,1011470,RW41,113.45,76.5,102.69514900000001,True,True,True,False,False,Extreme
1990-02-21,1990,2,February,2,1011464,RW37,113.41936,76.5,102.69514900000001,True,True,True,False,False,Extreme
2018-04-11,2018,4,April,2,1011469,RW26,113.36364,76.5,102.69514900000001,True,True,True,False,False,Extreme
2021-05-01,2021,5,May,2,1011463,RW25,113.35135,76.5,102.69514900000001,True,True,True,False,False,Extreme
2018-04-11,2018,4,April,2,1011452,RW28,113.181816,76.5,102.69514900000001,True,True,True,False,False,Extreme
1981-03-21,1981,3,March,2,1011453,RW31,113.03846,76.5,102.69514900000001,True,True,True,False,False,Extreme
2013-03-21,2013,3,March,2,1011466,RW11,113.0,76.5,102.69514900000001,True,True,True,False,False,Extreme
1995-04-21,1995,4,April,2,1011473,RW51,112.954544,76.5,102.69514900000001,True,True,True,False,False,Extreme
2025-04-21,2025,4,April,2,1011465,RW21,112.954544,76.5,102.69514900000001,True,True,True,False,False,Extreme
1992-04-21,1992,4,April,2,1011465,RW21,112.954544,76.5,102.69514900000001,True,True,True,False,False,Extreme
1988-05-11,1988,5,May,2,1011461,RW34,112.947365,76.5,102.69514900000001,True,True,True,False,False,Extreme
2026-01-21,2026,1,January,2,1011463,RW25,112.945946,76.5,102.69514900000001,True,True,True,False,False,Extreme
2018-03-01,2018,3,March,2,1011452,RW28,112.90909,76.5,102.69514900000001,True,True,True,False,False,Extreme
1985-03-21,1985,3,March,2,1011456,RW55,112.89474,76.5,102.69514900000001,True,True,True,False,False,Extreme
1989-04-01,1989,4,April,2,1011469,RW26,112.818184,76.5,102.69514900000001,True,True,True,False,False,Extreme
2025-04-21,2025,4,April,2,1011449,RW45,112.81481,76.5,102.69514900000001,True,True,True,False,False,Extreme
1983-04-11,1983,4,April,2,1011470,RW41,112.8,76.5,102.69514900000001,True,True,True,False,False,Extreme
1985-04-21,1985,4,April,2,1011467,RW23,112.78788,76.5,102.69514900000001,True,True,True,False,False,Extreme
2006-12-21,2006,12,December,2,1011470,RW41,112.75,76.5,102.69514900000001,True,True,True,False,False,Extreme
1981-03-21,1981,3,March,2,1011457,RW27,112.681816,76.5,102.69514900000001,True,True,True,False,False,Extreme
2010-02-11,2010,2,February,2,1011457,RW27,112.681816,76.5,102.69514900000001,True,True,True,False,False,Extreme
2020-10-21,2020,10,October,2,1011465,RW21,112.681816,76.5,102.69514900000001,True,True,True,False,False,Extreme
2024-11-01,2024,11,November,2,1011471,RW36,112.666664,76.5,102.69514900000001,True,True,True,False,False,Extreme
2024-11-21,2024,11,November,2,1011463,RW25,112.64865,76.5,102.69514900000001,True,True,True,False,False,Extreme
2006-12-21,2006,12,December,2,1011454,RW54,112.645164,76.5,102.69514900000001,True,True,True,False,False,Extreme
1982-11-21,1982,11,November,2,1011467,RW23,112.63636,76.5,102.69514900000001,True,True,True,False,False,Extreme
2018-03-01,2018,3,March,2,1011455,RW13,112.57143,76.5,102.69514900000001,True,True,True,False,False,Extreme
1985-04-21,1985,4,April,2,1011444,RW57,112.53658,76.5,102.69514900000001,True,True,True,False,False,Extreme
2006-12-21,2006,12,December,2,1011463,RW25,112.51351,76.5,102.69514900000001,True,True,True,False,False,Extreme
2010-02-11,2010,2,February,2,1011465,RW21,112.5,76.5,102.69514900000001,True,True,True,False,False,Extreme
1981-03-21,1981,3,March,1,900113,RW3,112.490326,76.5,102.69514900000001,True,True,True,False,False,Extreme
1990-04-01,1990,4,April,2,1011445,RW44,112.35,76.5,102.69514900000001,True,True,True,False,False,Extreme
2024-04-21,2024,4,April,1,900114,RW2,112.34673,76.5,102.69514900000001,True,True,True,False,False,Extreme
2020-04-21,2020,4,April,1,900112,RW4,112.330185,76.5,102.69514900000001,True,True,True,False,False,Extreme
1981-04-11,1981,4,April,1,900114,RW2,112.32663,76.5,102.69514900000001,True,True,True,False,False,Extreme
2026-01-21,2026,1,January,2,1011471,RW36,112.18519,76.5,102.69514900000001,True,True,True,False,False,Extreme
1990-04-01,1990,4,April,2,1011451,RW24,112.17647,76.5,102.69514900000001,True,True,True,False,False,Extreme
2006-04-01,2006,4,April,2,1011451,RW24,112.17647,76.5,102.69514900000001,True,True,True,False,False,Extreme
2007-05-11,2007,5,May,2,1011455,RW13,112.14286,76.5,102.69514900000001,True,True,True,False,False,Extreme
2016-04-01,2016,4,April,2,1011467,RW23,112.121216,76.5,102.69514900000001,True,True,True,False,False,Extreme
2015-03-21,2015,3,March,2,1011446,RW42,112.09091,76.5,102.69514900000001,True,True,True,False,False,Extreme
2006-12-21,2006,12,December,2,1011466,RW11,112.0,76.5,102.69514900000001,True,True,True,False,False,Extreme
2009-02-01,2009,2,February,2,1011466,RW11,112.0,76.5,102.69514900000001,True,True,True,False,False,Extreme
2025-04-21,2025,4,April,2,1011447,RW12,111.92857,76.5,102.69514900000001,True,True,True,False,False,Extreme
2015-03-21,2015,3,March,1,900112,RW4,111.91509,76.5,102.69514900000001,True,True,True,False,False,Extreme
2020-04-21,2020,4,April,2,1011451,RW24,111.882355,76.5,102.69514900000001,True,True,True,False,False,Extreme
2015-03-21,2015,3,March,2,1011458,RW43,111.82353,76.5,102.69514900000001,True,True,True,False,False,Extreme
2024-11-11,2024,11,November,2,1011460,RW35,111.55,76.5,102.69514900000001,True,True,True,False,False,Extreme
2007-05-11,2007,5,May,2,1011452,RW28,111.40909,76.5,102.69514900000001,True,True,True,False,False,Extreme
2024-11-11,2024,11,November,2,1011461,RW34,111.31579,76.5,102.69514900000001,True,True,True,False,False,Extreme
1981-04-11,1981,4,April,2,1011470,RW41,111.3,76.5,102.69514900000001,True,True,True,False,False,Extreme
2024-11-01,2024,11,November,2,1011464,RW37,111.258064,76.5,102.69514900000001,True,True,True,False,False,Extreme
2009-05-11,2009,5,May,1,900110,RW1,111.21739,76.5,102.69514900000001,True,True,True,False,False,Extreme
2018-03-01,2018,3,March,2,1011473,RW51,111.181816,76.5,102.69514900000001,True,True,True,False,False,Extreme
1990-04-01,1990,4,April,2,1011458,RW43,111.17647,76.5,102.69514900000001,True,True,True,False,False,Extreme
2006-04-01,2006,4,April,2,1011448,RW53,111.117645,76.5,102.69514900000001,True,True,True,False,False,Extreme
1992-03-21,1992,3,March,2,1011446,RW42,111.09091,76.5,102.69514900000001,True,True,True,False,False,Extreme
1985-04-11,1985,4,April,2,1011473,RW51,111.09091,76.5,102.69514900000001,True,True,True,False,False,Extreme
2006-04-01,2006,4,April,2,1011445,RW44,111.0,76.5,102.69514900000001,True,True,True,False,False,Extreme
1990-02-21,1990,2,February,2,1011467,RW23,110.878784,76.5,102.69514900000001,True,True,True,False,False,Extreme
2018-04-01,2018,4,April,2,1011459,RW56,110.82758,76.5,102.69514900000001,True,True,True,False,False,Extreme
2018-03-01,2018,3,March,2,1011459,RW56,110.75862,76.5,102.69514900000001,True,True,True,False,False,Extreme
1995-04-21,1995,4,April,1,900114,RW2,110.728645,76.5,102.69514900000001,True,True,True,False,False,Extreme
1981-04-11,1981,4,April,2,1011455,RW13,110.71429,76.5,102.69514900000001,True,True,True,False,False,Extreme
1995-04-21,1995,4,April,2,1011451,RW24,110.70588,76.5,102.69514900000001,True,True,True,False,False,Extreme
2023-04-21,2023,4,April,2,1011461,RW34,110.68421,76.5,102.69514900000001,True,True,True,False,False,Extreme
2023-05-01,2023,5,May,1,900114,RW2,110.592964,76.5,102.69514900000001,True,True,True,False,False,Extreme
2015-03-21,2015,3,March,2,1011449,RW45,110.59259,76.5,102.69514900000001,True,True,True,False,False,Extreme
2007-05-21,2007,5,May,2,1011466,RW11,110.5,76.5,102.69514900000001,True,True,True,False,False,Extreme
2024-11-21,2024,11,November,2,1011466,RW11,110.5,76.5,102.69514900000001,True,True,True,False,False,Extreme
2015-03-21,2015,3,March,2,1011464,RW37,110.32258,76.5,102.69514900000001,True,True,True,False,False,Extreme
2025-04-21,2025,4,April,2,1011451,RW24,110.23529,76.5,102.69514900000001,True,True,True,False,False,Extreme
2020-10-21,2020,10,October,2,1011450,RW22,110.125,76.5,102.69514900000001,True,True,True,False,False,Extreme
2026-01-21,2026,1,January,2,1011467,RW23,110.121216,76.5,102.69514900000001,True,True,True,False,False,Extreme
2009-10-11,2009,10,October,2,1011467,RW23,110.121216,76.5,102.69514900000001,True,True,True,False,False,Extreme
1991-04-01,1991,4,April,2,1011467,RW23,110.09091,76.5,102.69514900000001,True,True,True,False,False,Extreme
2015-03-21,2015,3,March,1,900114,RW2,110.00503,76.5,102.69514900000001,True,True,True,False,False,Extreme
2006-04-01,2006,4,April,2,1011455,RW13,110.0,76.5,102.69514900000001,True,True,True,False,False,Extreme
1985-03-21,1985,3,March,2,1011443,RW36,110.0,76.5,102.69514900000001,True,True,True,False,False,Extreme
2025-04-21,2025,4,April,1,900110,RW1,110.0,76.5,102.69514900000001,True,True,True,False,False,Extreme
2024-11-21,2024,11,November,2,1011455,RW13,110.0,76.5,102.69514900000001,True,True,True,False,False,Extreme
1981-04-11,1981,4,April,2,1011466,RW11,110.0,76.5,102.69514900000001,True,True,True,False,False,Extreme
2018-04-01,2018,4,April,2,1011451,RW24,109.882355,76.5,102.69514900000001,True,True,True,False,False,Extreme
2006-04-01,2006,4,April,2,1011473,RW51,109.818184,76.5,102.69514900000001,True,True,True,False,False,Extreme
1997-04-01,1997,4,April,2,1011447,RW12,109.78571,76.5,102.69514900000001,True,True,True,False,False,Extreme
2018-04-11,2018,4,April,2,1011444,RW57,109.756096,76.5,102.69514900000001,True,True,True,False,False,Extreme
2015-03-21,2015,3,March,2,1011445,RW44,109.75,76.5,102.69514900000001,True,True,True,False,False,Extreme
2022-05-21,2022,5,May,2,1011451,RW24,109.64706,76.5,102.69514900000001,True,True,True,False,False,Extreme
1985-04-21,1985,4,April,2,1011451,RW24,109.588234,76.5,102.69514900000001,True,True,True,False,False,Extreme
2018-03-01,2018,3,March,2,1011443,RW36,109.5,76.5,102.69514900000001,True,True,True,False,False,Extreme
2021-05-11,2021,5,May,2,1011450,RW22,109.458336,76.5,102.69514900000001,True,True,True,False,False,Extreme
1981-04-01,1981,4,April,1,900112,RW4,109.41509,76.5,102.69514900000001,True,True,True,False,False,Extreme
2010-02-11,2010,2,February,2,1011446,RW42,109.36364,76.5,102.69514900000001,True,True,True,False,False,Extreme
2010-02-11,2010,2,February,2,1011452,RW28,109.36364,76.5,102.69514900000001,True,True,True,False,False,Extreme
2009-05-11,2009,5,May,2,1011473,RW51,109.318184,76.5,102.69514900000001,True,True,True,False,False,Extreme
1985-11-21,1985,11,November,2,1011470,RW41,109.3,76.5,102.69514900000001,True,True,True,False,False,Extreme
1981-04-01,1981,4,April,2,1011449,RW45,109.296295,76.5,102.69514900000001,True,True,True,False,False,Extreme
2009-05-11,2009,5,May,2,1011447,RW12,109.28571,76.5,102.69514900000001,True,True,True,False,False,Extreme
2009-02-01,2009,2,February,2,1011447,RW12,109.14286,76.5,102.69514900000001,True,True,True,False,False,Extreme
1991-05-21,1991,5,May,2,1011459,RW56,109.06896,76.5,102.69514900000001,True,True,True,False,False,Extreme
1981-04-01,1981,4,April,2,1011460,RW35,109.05,76.5,102.69514900000001,True,True,True,False,False,Extreme
1985-04-21,1985,4,April,1,900112,RW4,109.00944,76.5,102.69514900000001,True,True,True,False,False,Extreme
2020-04-21,2020,4,April,2,1011445,RW44,109.0,76.5,102.69514900000001,True,True,True,False,False,Extreme
2015-03-21,2015,3,March,2,1011457,RW27,108.77273,76.5,102.69514900000001,True,True,True,False,False,Extreme
2023-04-21,2023,4,April,2,1011467,RW23,108.72727,76.5,102.69514900000001,True,True,True,False,False,Extreme
1985-04-11,1985,4,April,2,1011470,RW41,108.65,76.5,102.69514900000001,True,True,True,False,False,Extreme
2024-11-11,2024,11,November,2,1011464,RW37,108.6129,76.5,102.69514900000001,True,True,True,False,False,Extreme
2006-04-01,2006,4,April,2,1011444,RW57,108.560974,76.5,102.69514900000001,True,True,True,False,False,Extreme
2006-12-21,2006,12,December,2,1011467,RW23,108.545456,76.5,102.69514900000001,True,True,True,False,False,Extreme
1981-04-01,1981,4,April,2,1011461,RW34,108.52631,76.5,102.69514900000001,True,True,True,False,False,Extreme
1987-11-01,1987,11,November,2,1011471,RW36,108.51852,76.5,102.69514900000001,True,True,True,False,False,Extreme
2001-03-21,2001,3,March,2,1011447,RW12,108.5,76.5,102.69514900000001,True,True,True,False,False,Extreme
1981-03-21,1981,3,March,2,1011466,RW11,108.5,76.5,102.69514900000001,True,True,True,False,False,Extreme
1990-04-01,1990,4,April,2,1011457,RW27,108.5,76.5,102.69514900000001,True,True,True,False,False,Extreme
1983-04-21,1983,4,April,2,1011469,RW26,108.454544,76.5,102.69514900000001,True,True,True,False,False,Extreme
2025-04-21,2025,4,April,2,1011455,RW13,108.42857,76.5,102.69514900000001,True,True,True,False,False,Extreme
2020-04-21,2020,4,April,2,1011450,RW22,108.333336,76.5,102.69514900000001,True,True,True,False,False,Extreme
2006-12-21,2006,12,December,2,1011459,RW56,108.31035,76.5,102.69514900000001,True,True,True,False,False,Extreme
2021-05-01,2021,5,May,1,900110,RW1,108.304344,76.5,102.69514900000001,True,True,True,False,False,Extreme
2006-04-01,2006,4,April,1,900114,RW2,108.21608,76.5,102.69514900000001,True,True,True,False,False,Extreme
1989-04-01,1989,4,April,2,1011463,RW25,108.189186,76.5,102.69514900000001,True,True,True,False,False,Extreme
2009-02-01,2009,2,February,1,900110,RW1,108.17391,76.5,102.69514900000001,True,True,True,False,False,Extreme
2010-02-11,2010,2,February,2,1011470,RW41,108.15,76.5,102.69514900000001,True,True,True,False,False,Extreme
2015-03-21,2015,3,March,2,1011463,RW25,108.054054,76.5,102.69514900000001,True,True,True,False,False,Extreme
2001-03-21,2001,3,March,2,1011466,RW11,108.0,76.5,102.69514900000001,True,True,True,False,False,Extreme
2006-04-01,2006,4,April,1,900110,RW1,108.0,76.5,102.69514900000001,True,True,True,False,False,Extreme
2009-10-11,2009,10,October,2,1011443,RW36,108.0,76.5,102.69514900000001,True,True,True,False,False,Extreme
2020-12-01,2020,12,December,2,1011456,RW55,107.947365,76.5,102.69514900000001,True,True,True,False,False,Extreme
2024-11-11,2024,11,November,2,1011471,RW36,107.92593,76.5,102.69514900000001,True,True,True,False,False,Extreme
2021-05-01,2021,5,May,2,1011454,RW54,107.91936,76.5,102.69514900000001,True,True,True,False,False,Extreme
2006-04-01,2006,4,April,2,1011447,RW12,107.85714,76.5,102.69514900000001,True,True,True,False,False,Extreme
2024-11-21,2024,11,November,1,900114,RW2,107.84924,76.5,102.69514900000001,True,True,True,False,False,Extreme
1992-04-21,1992,4,April,1,900114,RW2,107.78392,76.5,102.69514900000001,True,True,True,False,False,Extreme
2013-04-11,2013,4,April,2,1011465,RW21,107.77273,76.5,102.69514900000001,True,True,True,False,False,Extreme
1987-09-21,1987,9,September,2,1011452,RW28,107.72727,76.5,102.69514900000001,True,True,True,False,False,Extreme
1991-05-21,1991,5,May,2,1011447,RW12,107.71429,76.5,102.69514900000001,True,True,True,False,False,Extreme
2009-10-11,2009,10,October,1,900113,RW3,107.70968,76.5,102.69514900000001,True,True,True,False,False,Extreme
1985-04-11,1985,4,April,2,1011456,RW55,107.68421,76.5,102.69514900000001,True,True,True,False,False,Extreme
2020-04-21,2020,4,April,1,900114,RW2,107.67839,76.5,102.69514900000001,True,True,True,False,False,Extreme
1981-04-01,1981,4,April,1,900113,RW3,107.658066,76.5,102.69514900000001,True,True,True,False,False,Extreme
2017-05-01,2017,5,May,2,1011451,RW24,107.64706,76.5,102.69514900000001,True,True,True,False,False,Extreme
1989-04-01,1989,4,April,2,1011467,RW23,107.63636,76.5,102.69514900000001,True,True,True,False,False,Extreme
2021-05-01,2021,5,May,2,1011465,RW21,107.63636,76.5,102.69514900000001,True,True,True,False,False,Extreme
1995-04-21,1995,4,April,2,1011465,RW21,107.63636,76.5,102.69514900000001,True,True,True,False,False,Extreme
2026-01-01,2026,1,January,2,1011467,RW23,107.606064,76.5,102.69514900000001,True,True,True,False,False,Extreme
2022-02-01,2022,2,February,2,1011461,RW34,107.57895,76.5,102.69514900000001,True,True,True,False,False,Extreme
2020-04-21,2020,4,April,2,1011458,RW43,107.52941,76.5,102.69514900000001,True,True,True,False,False,Extreme
1995-04-21,1995,4,April,2,1011450,RW22,107.5,76.5,102.69514900000001,True,True,True,False,False,Extreme
1983-04-21,1983,4,April,2,1011443,RW36,107.5,76.5,102.69514900000001,True,True,True,False,False,Extreme
1981-04-11,1981,4,April,2,1011452,RW28,107.5,76.5,102.69514900000001,True,True,True,False,False,Extreme
2020-04-21,2020,4,April,2,1011463,RW25,107.432434,76.5,102.69514900000001,True,True,True,False,False,Extreme
2012-10-21,2012,10,October,2,1011467,RW23,107.42424,76.5,102.69514900000001,True,True,True,False,False,Extreme
1997-04-01,1997,4,April,2,1011456,RW55,107.36842,76.5,102.69514900000001,True,True,True,False,False,Extreme
2006-04-01,2006,4,April,1,900112,RW4,107.36793,76.5,102.69514900000001,True,True,True,False,False,Extreme
2006-12-21,2006,12,December,1,900114,RW2,107.28643,76.5,102.69514900000001,True,True,True,False,False,Extreme
2024-11-21,2024,11,November,2,1011470,RW41,107.2,76.5,102.69514900000001,True,True,True,False,False,Extreme
1987-01-21,1987,1,January,2,1011467,RW23,107.15151,76.5,102.69514900000001,True,True,True,False,False,Extreme
1985-04-11,1985,4,April,2,1011447,RW12,107.14286,76.5,102.69514900000001,True,True,True,False,False,Extreme
2018-03-01,2018,3,March,1,900111,RW5,107.08197,76.5,102.69514900000001,True,True,True,False,False,Extreme
2016-04-01,2016,4,April,2,1011449,RW45,107.07407,76.5,102.69514900000001,True,True,True,False,False,Extreme
2020-04-21,2020,4,April,2,1011447,RW12,107.07143,76.5,102.69514900000001,True,True,True,False,False,Extreme
1990-02-01,1990,2,February,2,1011446,RW42,107.0,76.5,102.69514900000001,True,True,True,False,False,Extreme
2001-03-21,2001,3,March,2,1011470,RW41,106.95,76.5,102.69514900000001,True,True,True,False,False,Extreme
2023-04-21,2023,4,April,2,1011458,RW43,106.94118,76.5,102.69514900000001,True,True,True,False,False,Extreme
2024-11-11,2024,11,November,2,1011463,RW25,106.89189,76.5,102.69514900000001,True,True,True,False,False,Extreme
1983-04-11,1983,4,April,2,1011461,RW34,106.73684,76.5,102.69514900000001,True,True,True,False,False,Extreme
1981-04-01,1981,4,April,2,1011451,RW24,106.70588,76.5,102.69514900000001,True,True,True,False,False,Extreme
2013-04-11,2013,4,April,2,1011450,RW22,106.666664,76.5,102.69514900000001,True,True,True,False,False,Extreme
1981-04-01,1981,4,April,1,900114,RW2,106.64824,76.5,102.69514900000001,True,True,True,False,False,Extreme
1990-04-01,1990,4,April,1,900114,RW2,106.64322,76.5,102.69514900000001,True,True,True,False,False,Extreme
2013-03-21,2013,3,March,2,1011447,RW12,106.64286,76.5,102.69514900000001,True,True,True,False,False,Extreme
1990-04-01,1990,4,April,2,1011450,RW22,106.583336,76.5,102.69514900000001,True,True,True,False,False,Extreme
2024-11-21,2024,11,November,1,900112,RW4,106.54717,76.5,102.69514900000001,True,True,True,False,False,Extreme
1982-12-01,1982,12,December,2,1011467,RW23,106.545456,76.5,102.69514900000001,True,True,True,False,False,Extreme
2000-11-01,2000,11,November,2,1011458,RW43,106.47059,76.5,102.69514900000001,True,True,True,False,False,Extreme
1982-05-01,1982,5,May,2,1011458,RW43,106.47059,76.5,102.69514900000001,True,True,True,False,False,Extreme
1981-04-01,1981,4,April,2,1011457,RW27,106.454544,76.5,102.69514900000001,True,True,True,False,False,Extreme
2018-12-01,2018,12,December,2,1011473,RW51,106.454544,76.5,102.69514900000001,True,True,True,False,False,Extreme
2009-10-11,2009,10,October,2,1011472,RW32,106.36842,76.5,102.69514900000001,True,True,True,False,False,Extreme
2020-10-21,2020,10,October,2,1011470,RW41,106.35,76.5,102.69514900000001,True,True,True,False,False,Extreme
2020-04-21,2020,4,April,2,1011446,RW42,106.318184,76.5,102.69514900000001,True,True,True,False,False,Extreme
2024-11-21,2024,11,November,2,1011459,RW56,106.24138,76.5,102.69514900000001,True,True,True,False,False,Extreme
2006-04-01,2006,4,April,2,1011470,RW41,106.2,76.5,102.69514900000001,True,True,True,False,False,Extreme
1988-03-01,1988,3,March,2,1011471,RW36,106.18519,76.5,102.69514900000001,True,True,True,False,False,Extreme
2018-03-01,2018,3,March,2,1011456,RW55,106.02631,76.5,102.69514900000001,True,True,True,False,False,Extreme
2013-03-21,2013,3,March,1,900110,RW1,106.0,76.5,102.69514900000001,True,True,True,False,False,Extreme
1991-05-21,1991,5,May,2,1011473,RW51,106.0,76.5,102.69514900000001,True,True,True,False,False,Extreme
2016-05-01,2016,5,May,2,1011460,RW35,106.0,76.5,102.69514900000001,True,True,True,False,False,Extreme
1995-10-11,1995,10,October,2,1011443,RW36,106.0,76.5,102.69514900000001,True,True,True,False,False,Extreme
2006-12-21,2006,12,December,2,1011465,RW21,105.954544,76.5,102.69514900000001,True,True,True,False,False,Extreme
1985-04-21,1985,4,April,2,1011445,RW44,105.95,76.5,102.69514900000001,True,True,True,False,False,Extreme
2021-05-01,2021,5,May,2,1011447,RW12,105.92857,76.5,102.69514900000001,True,True,True,False,False,Extreme
2020-10-21,2020,10,October,2,1011444,RW57,105.92683,76.5,102.69514900000001,True,True,True,False,False,Extreme
2018-12-01,2018,12,December,2,1011451,RW24,105.82353,76.5,102.69514900000001,True,True,True,False,False,Extreme
1983-04-11,1983,4,April,2,1011446,RW42,105.818184,76.5,102.69514900000001,True,True,True,False,False,Extreme
1989-04-01,1989,4,April,2,1011449,RW45,105.81481,76.5,102.69514900000001,True,True,True,False,False,Extreme
1985-04-11,1985,4,April,1,900110,RW1,105.78261,76.5,102.69514900000001,True,True,True,False,False,Extreme
2001-03-21,2001,3,March,1,900110,RW1,105.78261,76.5,102.69514900000001,True,True,True,False,False,Extreme
2020-04-21,2020,4,April,2,1011465,RW21,105.77273,76.5,102.69514900000001,True,True,True,False,False,Extreme
2013-03-21,2013,3,March,2,1011469,RW26,105.72727,76.5,102.69514900000001,True,True,True,False,False,Extreme
1988-04-01,1988,4,April,2,1011450,RW22,105.708336,76.5,102.69514900000001,True,True,True,False,False,Extreme
1990-04-01,1990,4,April,2,1011461,RW34,105.68421,76.5,102.69514900000001,True,True,True,False,False,Extreme
1994-04-11,1994,4,April,2,1011458,RW43,105.64706,76.5,102.69514900000001,True,True,True,False,False,Extreme
1992-03-21,1992,3,March,2,1011470,RW41,105.55,76.5,102.69514900000001,True,True,True,False,False,Extreme
2020-04-21,2020,4,April,1,900110,RW1,105.521736,76.5,102.69514900000001,True,True,True,False,False,Extreme
1986-04-21,1986,4,April,2,1011470,RW41,105.35,76.5,102.69514900000001,True,True,True,False,False,Extreme
2009-05-11,2009,5,May,2,1011470,RW41,105.35,76.5,102.69514900000001,True,True,True,False,False,Extreme
1992-03-21,1992,3,March,2,1011458,RW43,105.23529,76.5,102.69514900000001,True,True,True,False,False,Extreme
2021-05-01,2021,5,May,2,1011473,RW51,105.181816,76.5,102.69514900000001,True,True,True,False,False,Extreme
2009-02-01,2009,2,February,2,1011455,RW13,105.14286,76.5,102.69514900000001,True,True,True,False,False,Extreme
2015-03-21,2015,3,March,2,1011447,RW12,105.14286,76.5,102.69514900000001,True,True,True,False,False,Extreme
1981-04-11,1981,4,April,2,1011465,RW21,105.13636,76.5,102.69514900000001,True,True,True,False,False,Extreme
2006-12-21,2006,12,December,2,1011451,RW24,105.117645,76.5,102.69514900000001,True,True,True,False,False,Extreme
1986-04-21,1986,4,April,2,1011472,RW32,105.10526,76.5,102.69514900000001,True,True,True,False,False,Extreme
2015-03-21,2015,3,March,2,1011466,RW11,105.0,76.5,102.69514900000001,True,True,True,False,False,Extreme
1986-04-21,1986,4,April,2,1011456,RW55,105.0,76.5,102.69514900000001,True,True,True,False,False,Extreme
2024-11-01,2024,11,November,2,1011446,RW42,104.954544,76.5,102.69514900000001,True,True,True,False,False,Extreme
2024-11-11,2024,11,November,2,1011445,RW44,104.95,76.5,102.69514900000001,True,True,True,False,False,Extreme
1991-04-01,1991,4,April,2,1011456,RW55,104.947365,76.5,102.69514900000001,True,True,True,False,False,Extreme
2024-11-01,2024,11,November,2,1011463,RW25,104.945946,76.5,102.69514900000001,True,True,True,False,False,Extreme
2018-12-01,2018,12,December,2,1011469,RW26,104.90909,76.5,102.69514900000001,True,True,True,False,False,Extreme
2022-05-21,2022,5,May,2,1011464,RW37,104.90323,76.5,102.69514900000001,True,True,True,False,False,Extreme
2018-04-11,2018,4,April,2,1011472,RW32,104.89474,76.5,102.69514900000001,True,True,True,False,False,Extreme
1989-04-01,1989,4,April,2,1011454,RW54,104.82258,76.5,102.69514900000001,True,True,True,False,False,Extreme
1986-04-21,1986,4,April,2,1011449,RW45,104.77778,76.5,102.69514900000001,True,True,True,False,False,Extreme
1985-04-21,1985,4,April,2,1011461,RW34,104.68421,76.5,102.69514900000001,True,True,True,False,False,Extreme
1982-12-01,1982,12,December,2,1011450,RW22,104.666664,76.5,102.69514900000001,True,True,True,False,False,Extreme
1989-04-01,1989,4,April,2,1011473,RW51,104.63636,76.5,102.69514900000001,True,True,True,False,False,Extreme
2024-11-21,2024,11,November,2,1011469,RW26,104.63636,76.5,102.69514900000001,True,True,True,False,False,Extreme
2024-11-11,2024,11,November,2,1011446,RW42,104.63636,76.5,102.69514900000001,True,True,True,False,False,Extreme
2024-11-21,2024,11,November,1,900110,RW1,104.608696,76.5,102.69514900000001,True,True,True,False,False,Extreme
1987-11-01,1987,11,November,2,1011467,RW23,104.606064,76.5,102.69514900000001,True,True,True,False,False,Extreme
2026-01-01,2026,1,January,2,1011471,RW36,104.59259,76.5,102.69514900000001,True,True,True,False,False,Extreme
2010-02-11,2010,2,February,1,900110,RW1,104.565216,76.5,102.69514900000001,True,True,True,False,False,Extreme
2009-02-01,2009,2,February,2,1011463,RW25,104.54054,76.5,102.69514900000001,True,True,True,False,False,Extreme
2021-05-01,2021,5,May,2,1011466,RW11,104.5,76.5,102.69514900000001,True,True,True,False,False,Extreme
2015-03-21,2015,3,March,1,900113,RW3,104.45806,76.5,102.69514900000001,True,True,True,False,False,Extreme
1985-04-11,1985,4,April,2,1011454,RW54,104.451614,76.5,102.69514900000001,True,True,True,False,False,Extreme
1991-05-21,1991,5,May,1,900110,RW1,104.434784,76.5,102.69514900000001,True,True,True,False,False,Extreme
1985-03-21,1985,3,March,2,1011467,RW23,104.36364,76.5,102.69514900000001,True,True,True,False,False,Extreme
1982-11-21,1982,11,November,1,900113,RW3,104.32258,76.5,102.69514900000001,True,True,True,False,False,Extreme
1981-03-21,1981,3,March,2,1011451,RW24,104.29412,76.5,102.69514900000001,True,True,True,False,False,Extreme
2020-04-21,2020,4,April,2,1011462,RW52,104.29032,76.5,102.69514900000001,True,True,True,False,False,Extreme
2024-11-21,2024,11,November,2,1011465,RW21,104.27273,76.5,102.69514900000001,True,True,True,False,False,Extreme
2025-04-11,2025,4,April,2,1011464,RW37,104.258064,76.5,102.69514900000001,True,True,True,False,False,Extreme
1997-04-01,1997,4,April,2,1011451,RW24,104.23529,76.5,102.69514900000001,True,True,True,False,False,Extreme
1985-03-21,1985,3,March,2,1011459,RW56,104.206894,76.5,102.69514900000001,True,True,True,False,False,Extreme
2010-04-11,2010,4,April,2,1011467,RW23,104.15151,76.5,102.69514900000001,True,True,True,False,False,Extreme
2021-05-11,2021,5,May,2,1011451,RW24,104.117645,76.5,102.69514900000001,True,True,True,False,False,Extreme
2016-04-01,2016,4,April,2,1011470,RW41,104.1,76.5,102.69514900000001,True,True,True,False,False,Extreme
2020-04-21,2020,4,April,2,1011457,RW27,104.045456,76.5,102.69514900000001,True,True,True,False,False,Extreme
1985-11-21,1985,11,November,2,1011446,RW42,104.0,76.5,102.69514900000001,True,True,True,False,False,Extreme
1981-04-11,1981,4,April,1,900110,RW1,103.86957,76.5,102.69514900000001,True,True,True,False,False,Extreme
1985-04-11,1985,4,April,2,1011455,RW13,103.85714,76.5,102.69514900000001,True,True,True,False,False,Extreme
2020-04-21,2020,4,April,2,1011459,RW56,103.793106,76.5,102.69514900000001,True,True,True,False,False,Extreme
1990-09-11,1990,9,September,2,1011464,RW37,103.77419,76.5,102.69514900000001,True,True,True,False,False,Extreme
2024-04-21,2024,4,April,2,1011469,RW26,103.681816,76.5,102.69514900000001,True,True,True,False,False,Extreme
1987-09-21,1987,9,September,2,1011471,RW36,103.62963,76.5,102.69514900000001,True,True,True,False,False,Extreme
1981-03-21,1981,3,March,2,1011463,RW25,103.62162,76.5,102.69514900000001,True,True,True,False,False,Extreme
2013-03-21,2013,3,March,2,1011444,RW57,103.585365,76.5,102.69514900000001,True,True,True,False,False,Extreme
2002-04-21,2002,4,April,2,1011467,RW23,103.57576,76.5,102.69514900000001,True,True,True,False,False,Extreme
2021-05-01,2021,5,May,1,900114,RW2,103.52261,76.5,102.69514900000001,True,True,True,False,False,Extreme
1992-04-21,1992,4,April,2,1011463,RW25,103.51351,76.5,102.69514900000001,True,True,True,False,False,Extreme
1981-04-01,1981,4,April,2,1011443,RW36,103.5,76.5,102.69514900000001,True,True,True,False,False,Extreme
2015-03-21,2015,3,March,2,1011465,RW21,103.5,76.5,102.69514900000001,True,True,True,False,False,Extreme
2010-02-11,2010,2,February,2,1011447,RW12,103.42857,76.5,102.69514900000001,True,True,True,False,False,Extreme
2020-10-21,2020,10,October,2,1011456,RW55,103.3421,76.5,102.69514900000001,True,True,True,False,False,Extreme
1986-04-21,1986,4,April,2,1011473,RW51,103.318184,76.5,102.69514900000001,True,True,True,False,False,Extreme
2020-04-21,2020,4,April,2,1011455,RW13,103.28571,76.5,102.69514900000001,True,True,True,False,False,Extreme
1985-04-11,1985,4,April,2,1011449,RW45,103.22222,76.5,102.69514900000001,True,True,True,False,False,Extreme
1981-04-11,1981,4,April,2,1011444,RW57,103.21951,76.5,102.69514900000001,True,True,True,False,False,Extreme
1990-04-11,1990,4,April,2,1011470,RW41,103.2,76.5,102.69514900000001,True,True,True,False,False,Extreme
2013-04-11,2013,4,April,2,1011451,RW24,103.17647,76.5,102.69514900000001,True,True,True,False,False,Extreme
2025-04-11,2025,4,April,2,1011471,RW36,103.14815,76.5,102.69514900000001,True,True,True,False,False,Extreme
1997-04-01,1997,4,April,2,1011448,RW53,103.117645,76.5,102.69514900000001,True,True,True,False,False,Extreme
2024-11-11,2024,11,November,1,900113,RW3,103.064514,76.5,102.69514900000001,True,True,True,False,False,Extreme
1985-03-21,1985,3,March,2,1011463,RW25,103.0,76.5,102.69514900000001,True,True,True,False,False,Extreme
2009-02-01,2009,2,February,2,1011470,RW41,103.0,76.5,102.69514900000001,True,True,True,False,False,Extreme
1993-05-01,1993,5,May,2,1011443,RW36,103.0,76.5,102.69514900000001,True,True,True,False,False,Extreme
1982-04-21,1982,4,April,2,1011466,RW11,103.0,76.5,102.69514900000001,True,True,True,False,False,Extreme
1985-04-11,1985,4,April,2,1011466,RW11,103.0,76.5,102.69514900000001,True,True,True,False,False,Extreme
1989-04-01,1989,4,April,1,900114,RW2,102.909546,76.5,102.69514900000001,True,True,True,False,False,Extreme
1981-01-21,1981,1,January,2,1011471,RW36,102.85185,76.5,102.69514900000001,True,True,True,False,False,Extreme
1985-04-11,1985,4,April,2,1011471,RW36,102.81481,76.5,102.69514900000001,True,True,True,False,False,Extreme
2010-02-11,2010,2,February,2,1011460,RW35,102.8,76.5,102.69514900000001,True,True,True,False,False,Extreme
2018-03-01,2018,3,March,2,1011444,RW57,102.731705,76.5,102.69514900000001,True,True,True,False,False,Extreme
2013-03-21,2013,3,March,2,1011455,RW13,102.71429,76.5,102.69514900000001,True,True,True,False,False,Extreme
1981-03-21,1981,3,March,2,1011455,RW13,102.71429,76.5,102.69514900000001,True,True,True,False,False,Extreme
2007-05-21,2007,5,May,2,1011470,RW41,102.7,76.5,102.69514900000001,True,True,True,False,False,Extreme
2010-02-11,2010,2,February,1,900112,RW4,102.69811,76.5,102.69514900000001,True,True,True,False,False,Extreme
